[
{"nome":"Hallam Burnett", "cartao":"001", "papel":"aluno"},
{"nome":"Lois Franks", "cartao":"002", "papel":"aluno"},
{"nome":"Miyah Kane", "cartao":"003", "papel":"aluno"},
{"nome":"Samanta Chaney", "cartao":"004", "papel":"aluno"},
{"nome":"Prisha Ball", "cartao":"005", "papel":"aluno"},
{"nome":"Filip Cowan", "cartao":"006", "papel":"aluno"},
{"nome":"Jarrad Fountain", "cartao":"007", "papel":"aluno"},
{"nome":"Janice Mccray", "cartao":"008", "papel":"aluno"},
{"nome":"Sebastien Moody", "cartao":"009", "papel":"aluno"},
{"nome":"Mia Mair", "cartao":"010", "papel":"aluno"},
{"nome":"Bentley Heaton", "cartao":"011", "papel":"aluno"},
{"nome":"Ravinder Penn", "cartao":"012", "papel":"aluno"},
{"nome":"Prince Rich", "cartao":"013", "papel":"aluno"},
{"nome":"Aleeza Huynh", "cartao":"014", "papel":"aluno"},
{"nome":"Wesley Michael", "cartao":"015", "papel":"aluno"},
{"nome":"Fahima Carter", "cartao":"016", "papel":"aluno"},
{"nome":"Laura Walls", "cartao":"017", "papel":"aluno"},
{"nome":"Ophelia Baldwin", "cartao":"018", "papel":"aluno"},
{"nome":"Arnold Yu", "cartao":"019", "papel":"aluno"},
{"nome":"Bobby Whitaker", "cartao":"020", "papel":"aluno"},
{"nome":"Jorge Harper", "cartao":"021", "papel":"aluno"},
{"nome":"Mackenzie Emery", "cartao":"022", "papel":"aluno"},
{"nome":"Mohammod Dawe", "cartao":"023", "papel":"aluno"},
{"nome":"Nelly Waters", "cartao":"024", "papel":"aluno"},
{"nome":"Ricky Powers", "cartao":"025", "papel":"aluno"},
{"nome":"Denzel Reeve", "cartao":"026", "papel":"aluno"},
{"nome":"Bogdan Rosales", "cartao":"027", "papel":"aluno"},
{"nome":"Rehan Fisher", "cartao":"028", "papel":"aluno"},
{"nome":"Cordelia Swift", "cartao":"029", "papel":"aluno"},
{"nome":"Johan Mcpherson", "cartao":"030", "papel":"aluno"},
{"nome":"Everly Bailey", "cartao":"031", "papel":"aluno"},
{"nome":"Sabina English", "cartao":"032", "papel":"aluno"},
{"nome":"Brielle Whelan", "cartao":"033", "papel":"aluno"},
{"nome":"Gregor Santiago", "cartao":"034", "papel":"aluno"},
{"nome":"Dione Bowden", "cartao":"035", "papel":"aluno"},
{"nome":"Fiza Hewitt", "cartao":"036", "papel":"aluno"},
{"nome":"Shyam Person", "cartao":"037", "papel":"aluno"},
{"nome":"Mahima Roy", "cartao":"038", "papel":"aluno"},
{"nome":"Ralph Davidson", "cartao":"039", "papel":"aluno"},
{"nome":"Shanaya Battle", "cartao":"040", "papel":"aluno"},
{"nome":"Hasnain Patel", "cartao":"041", "papel":"aluno"},
{"nome":"Jonah Orr", "cartao":"042", "papel":"aluno"},
{"nome":"Dustin Lees", "cartao":"043", "papel":"aluno"},
{"nome":"Afsana Mora", "cartao":"044", "papel":"aluno"},
{"nome":"Brooklyn Haworth", "cartao":"045", "papel":"aluno"},
{"nome":"Kane Horn", "cartao":"046", "papel":"aluno"},
{"nome":"Esme Wiggins", "cartao":"047", "papel":"aluno"},
{"nome":"Leila Barnett", "cartao":"048", "papel":"aluno"},
{"nome":"Rahul Currie", "cartao":"049", "papel":"aluno"},
{"nome":"Wilfred Trevino", "cartao":"050", "papel":"aluno"},
{"nome":"Harvie Sharpe", "cartao":"051", "papel":"aluno"},
{"nome":"Alex Munro", "cartao":"052", "papel":"aluno"},
{"nome":"Aleyna Mcnally", "cartao":"053", "papel":"aluno"},
{"nome":"Frances Sheridan", "cartao":"054", "papel":"aluno"},
{"nome":"Alysha Dunlap", "cartao":"055", "papel":"aluno"},
{"nome":"Lilian Frye", "cartao":"056", "papel":"aluno"},
{"nome":"Sol Wang", "cartao":"057", "papel":"aluno"},
{"nome":"Blythe Frey", "cartao":"058", "papel":"aluno"},
{"nome":"Lukas Barr", "cartao":"059", "papel":"aluno"},
{"nome":"Rufus Odom", "cartao":"060", "papel":"aluno"},
{"nome":"Katharine Schroeder", "cartao":"061", "papel":"aluno"},
{"nome":"Maxime Lucero", "cartao":"062", "papel":"aluno"},
{"nome":"Aniela Snow", "cartao":"063", "papel":"aluno"},
{"nome":"Affan Cornish", "cartao":"064", "papel":"aluno"},
{"nome":"Cole Winters", "cartao":"065", "papel":"aluno"},
{"nome":"Sumayya Rollins", "cartao":"066", "papel":"aluno"},
{"nome":"Abbey Cherry", "cartao":"067", "papel":"aluno"},
{"nome":"Carrie-Ann O'Ryan", "cartao":"068", "papel":"aluno"},
{"nome":"Brandon-Lee Couch", "cartao":"069", "papel":"aluno"},
{"nome":"Poppy Francis", "cartao":"070", "papel":"aluno"},
{"nome":"Rea House", "cartao":"071", "papel":"aluno"},
{"nome":"Kareena Spears", "cartao":"072", "papel":"aluno"},
{"nome":"Malaikah Oconnor", "cartao":"073", "papel":"aluno"},
{"nome":"Musab Paine", "cartao":"074", "papel":"aluno"},
{"nome":"Tanvir Page", "cartao":"075", "papel":"aluno"},
{"nome":"Joey Strong", "cartao":"076", "papel":"aluno"},
{"nome":"Connie Mccormack", "cartao":"077", "papel":"aluno"},
{"nome":"Danniella Barton", "cartao":"078", "papel":"aluno"},
{"nome":"Sannah Whitfield", "cartao":"079", "papel":"aluno"},
{"nome":"Yaseen Kramer", "cartao":"080", "papel":"aluno"},
{"nome":"Oliver Portillo", "cartao":"081", "papel":"aluno"},
{"nome":"Korban Rossi", "cartao":"082", "papel":"aluno"},
{"nome":"Hussein Rhodes", "cartao":"083", "papel":"aluno"},
{"nome":"Veronica Singleton", "cartao":"084", "papel":"aluno"},
{"nome":"Zachery Grainger", "cartao":"085", "papel":"aluno"},
{"nome":"Gurdeep Tyson", "cartao":"086", "papel":"aluno"},
{"nome":"Zachariah Bowes", "cartao":"087", "papel":"aluno"},
{"nome":"Connagh Peralta", "cartao":"088", "papel":"aluno"},
{"nome":"Carlos Contreras", "cartao":"089", "papel":"aluno"},
{"nome":"Amelia-Mae Pittman", "cartao":"090", "papel":"aluno"},
{"nome":"Tamar Roberson", "cartao":"091", "papel":"aluno"},
{"nome":"Kaitlyn Greaves", "cartao":"092", "papel":"aluno"},
{"nome":"Peyton Riley", "cartao":"093", "papel":"aluno"},
{"nome":"Ronald Cruz", "cartao":"094", "papel":"aluno"},
{"nome":"Sahil Donald", "cartao":"095", "papel":"aluno"},
{"nome":"Austin Buckner", "cartao":"096", "papel":"aluno"},
{"nome":"Sarah-Louise Eaton", "cartao":"097", "papel":"aluno"},
{"nome":"Farrah Pham", "cartao":"098", "papel":"aluno"},
{"nome":"Efan Ibarra", "cartao":"099", "papel":"aluno"},
{"nome":"Leonie Leonard", "cartao":"100", "papel":"docente"},
]
